{
    "cars": [
        [
            97.34617838483858,
            77.74518300723535,
            4.668583470577043
        ],
        [
            97.30462631935183,
            80.82003585325472,
            4.668583470577043
        ],
        [
            97.13841805740483,
            83.8948886992741,
            4.668583470577043
        ],
        [
            97.30462631935183,
            86.96974154529347,
            4.668583470577043
        ]
    ],
    "headline": [
        [
            97.5,
            82.5
        ],
        [
            142.5,
            82.5
        ],
        [
            142.5,
            7.5
        ],
        [
            7.5,
            7.5
        ],
        [
            7.5,
            22.5
        ],
        [
            127.5,
            22.5
        ],
        [
            127.5,
            67.5
        ],
        [
            112.5,
            67.5
        ],
        [
            112.5,
            37.5
        ],
        [
            97.5,
            37.5
        ],
        [
            60.0,
            67.5
        ],
        [
            22.5,
            37.5
        ],
        [
            7.5,
            37.5
        ],
        [
            7.5,
            82.5
        ],
        [
            82.5,
            82.5
        ]
    ],
    "walls": [
        [
            [
                15.0,
                15.0
            ],
            [
                135.0,
                15.0
            ],
            [
                135.0,
                75.0
            ],
            [
                15.0,
                75.0
            ],
            [
                15.0,
                45.0
            ],
            [
                60.0,
                75.0
            ],
            [
                105.0,
                45.0
            ],
            [
                105.0,
                75.0
            ]
        ],
        [
            [
                120.0,
                60.0
            ],
            [
                120.0,
                30.0
            ],
            [
                0.0,
                30.0
            ]
        ],
        [
            [
                90.0,
                30.0
            ],
            [
                60.0,
                60.0
            ],
            [
                30.0,
                30.0
            ]
        ],
        [
            [
                90.0,
                75.0
            ],
            [
                90.0,
                90.0
            ]
        ]
    ],
    "finish": [
        [
            75,
            75
        ],
        [
            90,
            90
        ]
    ],
    "max_time": 120,
    "size": [
        150,
        90
    ]
}