{
    "walls": [
        [
            [
                15.0,
                15.0
            ],
            [
                135.0,
                15.0
            ],
            [
                135.0,
                75.0
            ],
            [
                15.0,
                75.0
            ],
            [
                15.0,
                45.0
            ],
            [
                60.0,
                75.0
            ],
            [
                105.0,
                45.0
            ],
            [
                105.0,
                75.0
            ]
        ],
        [
            [
                120.0,
                60.0
            ],
            [
                120.0,
                30.0
            ],
            [
                0.0,
                30.0
            ]
        ],
        [
            [
                90.0,
                30.0
            ],
            [
                60.0,
                60.0
            ],
            [
                30.0,
                30.0
            ]
        ],
        [
            [
                90.0,
                75.0
            ],
            [
                90.0,
                90.0
            ]
        ]
    ],
    "headline": [
        [
            97.5,
            82.5
        ],
        [
            142.5,
            82.5
        ],
        [
            142.5,
            7.5
        ],
        [
            7.5,
            7.5
        ],
        [
            7.5,
            22.5
        ],
        [
            127.5,
            22.5
        ],
        [
            127.5,
            67.5
        ],
        [
            112.5,
            67.5
        ],
        [
            112.5,
            37.5
        ],
        [
            97.5,
            37.5
        ],
        [
            60.0,
            67.5
        ],
        [
            22.5,
            37.5
        ],
        [
            7.5,
            37.5
        ],
        [
            7.5,
            82.5
        ],
        [
            82.5,
            82.5
        ]
    ],
    "max_time": 120,
    "finish": [
        [
            75,
            75
        ],
        [
            90,
            90
        ]
    ],
    "size": [
        150,
        90
    ],
    "cars": [
        [
            96.99375123145225,
            81.76600723994538,
            4.668583470577043
        ]
    ]
}